user_id,full_name,email,password,role
1,Allison Hill,allison.hill@example.com,$2b$12$Crnl2edlBDdz1C5Jau2RJtBRnlWmTSHf6pWkLUyifDLkDmWJ6UuVT,admin
2,Derek Zuniga,derek.zuniga@example.com,$2b$12$jvFu7WICPhDeOZIiBOB/Y6sHrFH2ZUCr/lgotu2iXW7GboIRoL3u6,admin
3,Nathan Cortez,nathan.cortez@example.com,$2b$12$wnMztVuaP.coUNEhEkk.iqq8vH2BzNZV45pFCiRcDCajhDieQjEJ.,admin
4,Carlos Walls,carlos.walls@example.com,$2b$12$8F80ymm3T207gmhZRnFyy5r2xJ7Fj4mgblEv0.9BZhvWaXH6K2.ty,admin
5,Wayne Riley,wayne.riley@example.com,$2b$12$hOhg9uhkxiiEZpFfk1OHAOEHYqM6Ojb6mjBHqSiFVKu4MbMnrHont,admin
6,Larry Robbins,larry.robbins@example.com,$2b$12$AH.Ggl2JfaQqHu42bojteVs3qfNUfTAFnT0tEuw0dwQ0FIunWe8Cz,user
7,Julia Torres,julia.torres@example.com,$2b$12$DCdyZQJiJSZQdoHwHen3SO3oXyGf3azU3iQOpMN0PZLqy1WwMZaMK,user
8,Richard Lawson,richard.lawson@example.com,$2b$12$P744B8vkKQlENCzsdfF8j61yX/ZFsan2Cw7gFp6r7O425u85HFJ.E,user
9,Billy Mitchell,billy.mitchell@example.com,$2b$12$IQOkrtDXtBi10Q71hA1XcW9aTMX1C.CI3.dXRZv7qdYdk2r7xgHWP,user
10,Gabriel Juarez,gabriel.juarez@example.com,$2b$12$WJ1Gk8cgSCifdFzctEq8oB7GVvouNndNWYzjFnMpfS2ViRb1.n3U6,user
11,Jessica Gross,jessica.gross@example.com,$2b$12$I973IPFlJ5F7WRd/Px.BTHRJJbykE0.E8.5clLCZFNV8S2QT6INGD,user
12,Corey Wilson,corey.wilson@example.com,$2b$12$xyB9JKmyLDUwMbqJfgLq.nbK894RxgG9oiZ.jgttMkFp1CW54M2Nh,user
13,Natalie Meza,natalie.meza@example.com,$2b$12$ABHkuEwjua058LeDKK6jDHz2oCtIsjhvNK4p7MZI/4kf3PGdlDcIf,user
14,Casey Stone,casey.stone@example.com,$2b$12$4Jx3.l8S0QPnuQ0/KZe6lOGPoZa70gyU/4gAIqK4.pdEuNb0lCo7p,user
15,Brittany Cantu,brittany.cantu@example.com,$2b$12$LI198F6sXyriJ1RIaKM.t59SQW6PyEXD0fO8WXt/eqQm4m6bs0tj8,user
16,Deborah Hanson,deborah.hanson@example.com,$2b$12$YkQWO.eiEKDl3mm4vMdfPhLTV3sF0xvwkWE/sD7G6Gb7Kuj4SM2G6,user
17,Christina Cruz,christina.cruz@example.com,$2b$12$9nEWTLLcYJbg/KDTCyGrmfN4eUqlLP1wzqUIvG9LRo7jsCYUlYbHp,user
18,Michael Chambers,michael.chambers@example.com,$2b$12$WVnD8dPCi7M0orfeM/omErX6V1t1m.0JeVB44EUmVThYJyp6lBcgQ,user
19,Cameron Cunningham,cameron.cunningham@example.com,$2b$12$iABDQsaJsqGwodqbTEPcwHgq1oi85Un5CfM6dh9Z2n.4jkPsiqJPW,user
20,Kerry Chavez DDS,kerry.chavez.dds@example.com,$2b$12$moB35D0R6Z1mO2OGVt8ilkl3mVqhQp0T2gKNTnBt9CnSVoJC2dIdx,user
21,Phillip Dorsey,phillip.dorsey@example.com,$2b$12$SaxsZisdlBW16RuVNPkgtugkI42.41IBoS3oK.NfCYhaAMBrGLPpa,user
22,Jeffrey Anderson MD,jeffrey.anderson.md@example.com,$2b$12$DTjYf3c6jO2Z1LoZcPv6Ul3nF3ZkYNRCQvjoySSsEnsGzwtjw/75P,user
23,Lori Hernandez,lori.hernandez@example.com,$2b$12$i84MJhTjN75ehVKjlX7f5yP8th5nRkwfF44uUVKX0RgQiQmXKGtQk,user
24,Brenda Bailey,brenda.bailey@example.com,$2b$12$YqkNWQql2UcUNxBR.yCrtjLmeRqWtuxv4f0UE4K5DEN8yV47KW1uz,user
25,Brenda Wright,brenda.wright@example.com,$2b$12$9VnpKkuI5s3lC5Sd1gYVEXkVCdOmQsreK8r85akcGBt2oKEMpgE16,user
26,Russell Porter,russell.porter@example.com,$2b$12$cEsL2aTE1xkUicX8fXVGcTiSEnQrfTRw79xri6eLzfzfONY8GeyKT,user
27,Amber Rios,amber.rios@example.com,$2b$12$IpV3Z4XRx//VIk2k3xLPnkPLN52v4S5fT3JhjZUuds4eqiEUUXet5,user
28,Jacqueline Hines,jacqueline.hines@example.com,$2b$12$rUYOJFodx/XpHH5BK.zprj5w4lOSiLMuwUCpzrE/dUV7qliNY900j,user
29,Evan Jones,evan.jones@example.com,$2b$12$7Sqxq3hptMvuPCSKkGzJqMlvtvRfdkfHA1d/LM9FZM6jhu4197ARs,user
30,Nathan Gross,nathan.gross@example.com,$2b$12$SZqVnOE7pI5FsmgLX1FuPOyu/7/N/clY6EBTggK/8Kbn3rHUZUfZg,user
31,Chloe Tran,chloe.tran@example.com,$2b$12$jX5JpqmYVRUszZfferQ86trPOuYMR.M8cVQo1Nd8HDg9vWsFeoyc4,user
32,Christian Vaughn,christian.vaughn@example.com,$2b$12$08hrAP9WOw6RTH9yFJMCMKA.O9SJKpWYSsLfKkS4G9BzIIrnEFgCD,user
33,Jason Love,jason.love@example.com,$2b$12$mrau089zKPKhlDew1weY/xLebMnQK6/r7IyoQu6GxbRLywZ2PlZmx,user
34,Mrs. Taylor Smith,mrs..taylor.smith@example.com,$2b$12$XE5IQMbHUEhp7NuZNpLVCCr9t6V18BFk5UjohztvP4oA.l5h6q16h,user
35,Megan Parker,megan.parker@example.com,$2b$12$cYGaBjf2Sihi8eK0xr1VW5WWkrSpwYqCacM72WDF6StJyoe1cEAim,user
36,Jill Powers,jill.powers@example.com,$2b$12$gFfZ4DBhrLDOPEMsC0MJhw2/gSWO10tMWx8ECMs7h01rXFGAQk5Vl,user
37,Sandra Williams,sandra.williams@example.com,$2b$12$WfjyB9AQMbByp9FAYEPKW7TNHU/7m8OAVO0fCscH1LtzQDWF/RG..,user
38,Nicholas Bell,nicholas.bell@example.com,$2b$12$r.xhejga0rDitbB6Vh9.ca0bcJKc3wnmtEyGTIYkVZ6FCMkelZWW8,user
39,Adam Jackson,adam.jackson@example.com,$2b$12$/3QmfDB8IfjJewOcAsYjMuEXQXrkSgm3DjRYPdI5.DTW3xWkLFjkI,user
40,Michael Walters,michael.walters@example.com,$2b$12$XOUnlaN4UInqlx350ndlTlPXbL0XkFvWvrIMI/siv3J1M9jUGF/z6,user
41,Eric Rush,eric.rush@example.com,$2b$12$QWQ4Q3rMPz9OwYOL.FPWJYUozxd7A4Li0/rMEGt2Wj59Z1eUknFTv,user
42,Amanda Terrell,amanda.terrell@example.com,$2b$12$ZQ3nbmHCC5VY7tSd9nL1kosSNR6A9S8m45OiMfocRnvFwuQ27DZxx,user
43,Jessica Johnson,jessica.johnson@example.com,$2b$12$z52XaBAJinxUPz6oH.OXYoST6wMkrOpENoxVsX1rX2x.wv.KrxO5g,user
44,Tiffany Washington,tiffany.washington@example.com,$2b$12$yX/0.14.vkdCLeJCKv6/ooIUf4B2nFMe5HSl4pEAS2vrAAhSJvPLL,user
45,Tiffany Robertson,tiffany.robertson@example.com,$2b$12$mr0hJqqFsPFY.sI1W5jlZJV6.Pal6TiYB2B/IPKRq.Rgfm6cpu46a,user
46,Jessica Forbes DVM,jessica.forbes.dvm@example.com,$2b$12$MuJlUGkVvgYND2lmaB9jqC4bbRp2q9jDXlnnOVMrWrsibv4SBt04B,user
47,Brian Goodwin,brian.goodwin@example.com,$2b$12$XS2OrFJkFKdMAyYLgE/XoE/jbUOqX1Uw8jcibHBfhYK12ZktJkNkA,user
48,Brittney Murphy,brittney.murphy@example.com,$2b$12$iN3EhFl3o6hNwpbrbu/SHvVqIpdQ2IiHj/6Uh/vVuGnoDafbFf8UX,user
49,Cassidy Horne,cassidy.horne@example.com,$2b$12$e1CPF1OIjVpgwCfZi7KNPl6bVzLMF7V/zFta0dDSbQaWNnAE1.hsJ,user
50,Thomas Merritt,thomas.merritt@example.com,$2b$12$0V6kmrYjh3qELHOYPO5IDjzrntnv57O0pTA5N7HpluMfBPslFTYgM,user
51,William Johnson,william.johnson@example.com,$2b$12$Z5Fm7nrpbhCqzZVkHjciz4qlQpf7gv3Y/dW2wTBxJJ5teFL/09hlJ,user
52,Jason Day,jason.day@example.com,$2b$12$FcWT9.SPXIxdOCdJh8TDumFEIhCXTwwEOTdTsy/Nw.elhDCc9aQzq,user
53,Christopher Lang,christopher.lang@example.com,$2b$12$PhcssoUjVYmRMPru3.OwTCwWNLqwaYexOCn/sQjESOvlQ5bHAFiSG,user
54,Michelle Williams,michelle.williams@example.com,$2b$12$41v0/WSWm9Cu5jeLcOHnjRvWujlR9d3v3ugmQAy0HKMEmgY.tgUa2,user
55,Rodney Weber,rodney.weber@example.com,$2b$12$9zmdAvLk8oNY8.HlXxVWVx5fH47HCIhtmkS0DhX18E8MkYesp5wvB,user
56,Beth Henderson,beth.henderson@example.com,$2b$12$3zsHOilXYPJ6b1o1tsmnmKS0HX.8ewJZsZeYQEg8IVcRMNJ.mDrM4,user
57,Erica Daniel,erica.daniel@example.com,$2b$12$ly4B0.VhuiNZrdwyzhFe6gUzJV7YpdEV.5w8SSuHlKdXguBCCAI0c,user
58,Tracy Fleming,tracy.fleming@example.com,$2b$12$8qwbCGNJ2WS6GB7MYnaVKMn9iRJPJHMytEhZOrd/LH1ZXeyRC8TMv,user
59,Sherri White,sherri.white@example.com,$2b$12$m8qHxQlCTCN1QVHL7p8gj8ypWM0gtrzR06sOxk.QwOha5JAvu.lq3,user
60,Jennifer Sanford,jennifer.sanford@example.com,$2b$12$XaezVbPycaFCSNqnXNvifML6R3rR.TyvZcDCqBcvpUeWGggncgo14,user
